Date,000001.SS,IMOEX.ME,^BVSP,^GSPC
2024-03-19,100.0,100.0,100.0,100.0
2024-03-20,100.55276786882219,100.06524185435819,101.25148005551678,100.89041739128466
2024-03-21,100.46875863139316,100.66524258716069,100.49400528507242,101.21695279884528
2024-03-22,99.51931634543637,100.26095246227993,99.60636404268833,101.07502761751634
2024-03-25,98.8098890646023,100.5102623380572,99.53108704686777,100.76624700110924
2024-03-26,98.97885612084895,100.63002320217191,99.47776584149489,100.48412214391132
2024-03-27,97.72697579738428,101.19817693695587,100.1270299304472,101.35136307388144
2024-03-28,98.29917762776374,101.46402721179794,100.45244611029649,101.46452040188625
2024-03-29,99.29510837303226,102.06923981537265,,
2024-04-01,100.47743934678932,103.01136210261075,99.5773510338825,101.26021301223469
2024-04-02,100.3984280970126,103.2563873270932,100.01568270746262,100.52718434847743
2024-04-03,100.21352646769255,104.00065294197394,99.83454743626939,100.63687180757917
2024-04-04,,104.3675776174303,99.92080232731378,99.39558278145446
2024-04-05,,103.99391564560985,99.42444463612198,100.4987936548167
2024-04-08,99.48728777384608,104.66803411599382,101.04133177551773,100.46114369142003
2024-04-09,99.53574513738448,104.57247816678539,101.85134361596187,100.60635959081195
2024-04-10,98.84348797681062,105.33359076136459,100.41167107089368,99.65492719498438
2024-04-11,99.06913874947799,105.34645219282545,99.89570999537361,100.39683796881418
2024-04-12,98.58682895539108,105.85824743405095,98.75871370433391,98.93599487364585
2024-04-15,99.82440084530559,106.34676497984756,98.27882285597785,97.7466501621598
2024-04-16,98.1817687599307,106.06345456403972,97.53781492836924,97.54563349057119
2024-04-17,100.28160910332036,105.79178673473454,97.36687341702671,96.98176093583874
2024-04-18,100.37446645286121,105.84538600259008,97.38647680135499,96.76760967897302
2024-04-19,100.08178525249282,106.30664030472022,98.11415442762038,95.92006591242277
2024-04-22,99.40703300561043,106.5605488900024,98.46623121015612,96.75756780293558
2024-04-23,98.66858232279523,105.3430798058552,98.13297367657552,97.91523110269794
2024-04-24,99.41444628873111,105.02179077935563,97.81383057971128,97.93608803208271
2024-04-25,99.67819177111225,105.35349606982321,97.73933771926386,97.4878903461081
2024-04-26,100.84498673540455,105.66008418105994,99.21351222074979,98.4831581238117
2024-04-29,101.64188278579063,106.52716898881556,99.86120803895584,98.79618178643183
2024-04-30,101.3735617931823,106.27448672606803,98.74146272612504,97.24206710651026
2024-05-01,,,,96.90799793467369
2024-05-02,,105.44752659343976,99.68085690313576,97.79261649613392
2024-05-03,,105.41505895657748,100.7684526656682,99.02057292815824
2024-05-06,102.54554605565909,105.23986681838171,100.73473484462359,100.0430716335577
2024-05-07,102.77468824553814,104.98136700117107,101.3181315622329,100.17747247960227
2024-05-08,102.1459063252762,105.13236170203697,101.53063224835135,100.17688788212402
2024-05-09,102.98959374331658,,100.5167452108932,100.68688317894303
2024-05-10,102.99700702643729,105.6603907616936,100.05567361149228,100.85295600771971
2024-05-13,102.78392694998641,105.88489751645011,100.49086874357988,100.82861978044026
2024-05-14,102.71055936090802,106.09377613646637,100.77315747790698,101.31640980207793
2024-05-15,101.8658356774852,106.30174249215807,100.39128355119227,102.50342555264263
2024-05-16,101.94742164817372,106.77770518712748,100.59202220671378,102.29004747308683
2024-05-17,102.97998836034836,107.25641963022339,100.48773220208737,102.40919221074776
2024-05-20,103.53893396510448,106.22119403884615,100.17407805283504,102.50303896398766
2024-05-21,103.10863672194506,105.00494379965718,99.90825616134369,102.75948867710116
2024-05-22,103.12737718282328,105.50295786752082,98.52660963388719,102.48140885729298
2024-05-23,101.75106530074136,105.44630027090511,97.80442095523371,101.72501515238947
2024-05-24,100.85266307050694,104.02852186933129,97.47273169239938,102.43719631575354
2024-05-27,102.00103642480791,101.0490142423155,97.62171741329423,
2024-05-28,101.52855520931006,101.16203033248969,97.06027648613257,102.46268288000628
2024-05-29,101.5757690543895,101.62513159599823,96.2188992307632,101.70783552972263
2024-05-30,100.94430878667752,100.52710931775563,,101.10012759311414
2024-05-31,100.78546524609031,98.53658594946938,95.74136078852653,101.91174690172767
2024-06-03,100.513684721359,96.21589019388384,95.6896078538999,102.02548882721072
2024-06-04,100.92866915067451,97.60977773876145,95.50925671807981,102.17881365936523
2024-06-05,100.0864245328974,98.38497808733615,95.19952324569314,103.38939245989944
2024-06-06,99.54413091571026,97.77669967742483,96.36945322240432,103.36873353933794
2024-06-07,99.6252704951571,99.02755614033526,94.69767660688942,103.25345468822663
2024-06-10,,97.42631540103326,94.6921876592775,103.51993684838597
2024-06-11,98.86666843628909,97.12493916056877,95.37830611076697,103.80051535096403
2024-06-12,99.1743356283423,,94.04606011181771,104.68320096914947
2024-06-13,98.89520559066767,97.14300498522543,93.75749829450555,104.92864704908393
2024-06-14,99.01647255423235,98.49738101624301,93.83120701957986,104.88731977896934
2024-06-17,98.4698425649832,,93.42032008405931,105.69121674347524
2024-06-18,98.93853742619896,,93.80611468763968,105.95769890363458
2024-06-19,98.54030063971851,,94.30090410808522,
2024-06-20,98.12851269054428,,94.44596915211442,105.69005697751035
2024-06-21,97.89019556639435,,95.14777031106651,105.52495533486686
2024-06-24,96.74616655542756,,96.16400975464404,105.20150320755435
2024-06-25,96.31834837791386,,95.92406433046601,105.6153227902121
2024-06-26,97.05392143147468,,96.16714629613656,105.78139561898878
2024-06-27,96.1830440040529,,97.47429996314564,105.87737332432677
2024-06-28,96.8866921125617,,97.15986167852017,105.44500691522242
2024-07-01,97.77892457813438,,97.79579546612928,105.72713177242035
2024-07-02,97.85340017404476,,97.8499008068753,106.38214495980797
2024-07-03,97.3755622636468,,98.53601925836476,106.92303906204918
2024-07-04,96.56553752799212,,98.92965521567643,
2024-07-05,96.31629178969328,,99.0104211591089,107.50563759406833
2024-07-08,95.41895770993003,,99.23076319895867,107.61493846451513
2024-07-09,96.62447711443774,,99.66987900791192,107.69468887533628
2024-07-10,95.97120744606099,,99.7561338989563,108.79404329114048
2024-07-11,96.98411700105754,,100.59986356044507,107.8406779520381
2024-07-12,97.01376216226816,,101.07269719044297,108.43563789202446
2024-07-15,97.10244256519046,,101.40517058865042,108.74209897650182
2024-07-16,97.1773087534373,,101.23971802491982,109.43689307938418
2024-07-17,96.73819528325477,,101.5063240517843,107.91270601875162
2024-07-18,97.20437919373612,,100.09644865089508,107.0692167185827
2024-07-19,97.37337813507145,,100.06821977746239,106.3047140809166
2024-07-22,96.78263512561807,,100.2595488085063,107.45195834497814
2024-07-23,95.1877589318304,,99.26369688463016,107.28453717040489
2024-07-24,94.7496896983025,,99.13274627731732,104.80099736101383
2024-07-25,94.25307944193762,,98.76498678731896,104.26204563103903
2024-07-26,94.38874252304635,,99.97098699119415,105.4183605850048
2024-07-29,94.41969497289328,,99.54912216044977,105.5040984054821
2024-07-30,94.01009912356659,,98.91005183134817,104.98077994355428
2024-07-31,95.95112781145772,,100.09644865089508,106.63878325275317
2024-08-01,95.74340442990696,,99.89492586000047,105.17852475506308
2024-08-02,94.86024327206694,,98.68657325000588,103.24514774664073
2024-08-05,93.40273601163295,,98.22863819209748,100.15101472921633
2024-08-06,93.61776904976617,,99.0104211591089,101.18798693669791
2024-08-07,93.70102898761097,,99.98823796940303,100.40533349023175
2024-08-08,93.70321311618632,,100.88764124238409,102.7189345842965
2024-08-09,93.45158396750783,,102.4198417614817,103.19880425300323
2024-08-12,93.32134135147658,,102.81269358342024,103.2032453080395
2024-08-13,93.63938713989877,,103.81795513177394,104.94197021419274
2024-08-14,93.07479787444434,,104.5393596750543,105.3432398090516
2024-08-15,93.94668765343205,,105.19411271161854,107.04276839718835
2024-08-16,94.01433984036251,,105.03728563699238,107.25575988808917
2024-08-19,94.47941574401185,,106.4683326929561,108.29853092539518
2024-08-20,93.5974263631812,,106.71063052325354,108.08360649121953
2024-08-21,93.26841210424925,,107.00624955892386,108.54184605323157
2024-08-22,93.01334733726428,,105.99393079221198,107.57226284860397
2024-08-23,93.19605686673682,,106.33502967952386,108.80755503608097
2024-08-26,93.23367330012023,,107.33950709250446,108.46440574534859
2024-08-27,93.01200816353926,,107.25089979534066,108.637427740923
2024-08-28,92.64299406084425,,107.69628868727897,107.9882133833598
2024-08-29,92.17534343628311,,106.67456029608952,107.98396090815521
2024-08-30,92.79923099543095,,106.64554728728368,109.07384861640863
2024-09-02,91.7812198262438,,105.84337680057085,
2024-09-03,91.51819175835821,,105.35093978624471,106.76681952947824
2024-09-04,90.9076002811946,,106.72944977220868,106.59572104818704
2024-09-05,91.039373381483,,107.03604670310283,106.27401328431768
2024-09-06,90.30450977114558,,105.52266543296034,104.43969726148138
2024-09-09,89.34723969591509,,105.65204776952693,105.64911629605072
2024-09-10,89.59877318932752,,105.32506331893138,106.12165020930475
2024-09-11,88.86750462274001,,105.60499964713908,107.25344035615943
2024-09-12,88.71496635844149,,105.09687992535031,108.0573373206653
2024-09-13,88.28943593604139,,105.7657473986309,108.64168021612757
2024-09-16,,,105.95080334668978,108.77820258527863
2024-09-17,,,105.8269099577351,108.80697986759434
2024-09-18,88.72012377153729,,104.87653788550055,108.49182525287613
2024-09-19,89.33202253733724,,104.38645327729378,110.33367503998835
2024-09-20,89.35788134426578,,102.77270267939056,110.11951435413106
2024-09-23,89.7530810760484,,102.38298739894456,110.42887013902482
2024-09-24,93.48201031339136,,103.6281943714763,110.7061767815231
2024-09-25,94.56534605803452,,103.18123720879173,110.50012502842841
2024-09-26,97.98210433454663,,104.29784598013,110.9463992001198
2024-09-27,100.8088449873731,,104.07828807565338,110.80735929021569
2024-09-30,108.93773312483674,,103.36158834461182,111.27680049423003
2024-10-01,,,103.89401626296764,110.23924368927022
2024-10-02,,,104.69383434356108,110.25449979765385
2024-10-03,,,103.24867285088098,110.06911639411223
2024-10-04,,,103.34276909565668,111.05646381888492
2024-10-07,,,103.51998368998423,109.99187409505254
2024-10-08,113.94230504799143,,103.12321119118005,111.05762358484981
2024-10-09,106.40278886116745,,101.90780136282729,111.84762221576021
2024-10-10,107.80897707135301,,102.21439829372143,111.6160838984128
2024-10-11,105.06021140292079,,101.93132542402121,112.29156742653024
2024-10-14,107.23423240515042,,102.72565455700271,113.15707342204884
2024-10-15,104.52324259554506,,102.7554517011817,112.29600848156652
2024-10-16,104.57731173469311,,103.30983540998517,112.82145789559239
2024-10-17,103.48143717892214,,102.55941785789899,112.80214732082747
2024-10-18,106.49111055684199,,102.32888205819852,113.25014699797879
2024-10-21,106.70487616269972,,102.2214555120796,113.04371808522073
2024-10-22,107.28464273037117,,101.71882473790275,112.99003883613055
2024-10-23,107.83760988099766,,101.33616667581491,111.95151084503753
2024-10-24,107.10167014891692,,101.99013557700603,112.19173326363423
2024-10-25,107.73629501168149,,101.85369602208125,112.15813776661886
2024-10-28,108.47086368494854,,102.88875471461394,112.4555187322004
2024-10-29,107.30227518441737,,102.51001732939176,112.63703624919242
2024-10-30,106.64375244767876,,102.43866101043683,112.26530768496758
2024-10-31,107.08733780155025,,101.7125516549177,110.1755225641426
2024-11-01,106.83233680474264,,100.46420814089345,110.62641694171036
2024-11-04,108.0793546521819,,102.34142822416862,110.31532622236504
2024-11-05,110.58624800907512,,102.45591198864572,111.66841480170642
2024-11-06,110.48238233266368,,102.20498866924386,114.49317095855504
2024-11-07,113.31822617831146,,101.68824345835066,115.34399601417668
2024-11-08,112.71864302801846,,100.23602474731237,115.77732418042261
2024-11-11,113.29880018802636,,100.27052670373013,115.88951975128583
2024-11-12,111.72845159871436,,100.13251887805912,115.55429081348436
2024-11-13,112.29356696813223,,100.16074775149181,115.58112572353367
2024-11-14,110.35286510240016,,100.2062276031334,114.88189056561504
2024-11-15,108.74930819321631,,,113.36504868942674
2024-11-18,108.52477339865312,,100.18740835417827,113.80919190902003
2024-11-19,109.24833374504954,,100.52380242925139,114.26028429541107
2024-11-20,109.96595549367723,,,114.26279240717253
2024-11-21,110.04480731801047,,99.5240298285096,114.87300845554249
2024-11-22,106.67489620805786,,101.2522641908899,115.27138334998493
2024-11-25,106.56284403512493,,101.18169200730813,115.61955829323183
2024-11-26,106.43214705657984,,101.87643594790205,116.28113405876223
2024-11-27,108.065381012063,,100.10977895223832,115.839121791267
2024-11-28,107.6056299182251,,97.71110884583113,
2024-11-29,108.6098906429142,,98.54072407060355,116.48872273748519
2024-12-02,109.8351230035052,,98.20197758941104,116.77394030392281
2024-12-03,110.31913067856492,,98.91005183134817,116.82665779587138
2024-12-04,109.85693240416995,,98.86927679194535,117.53362472688926
2024-12-05,109.99422959607412,,100.25798053776005,117.31386322003078
2024-12-06,111.14420517608181,,98.75871370433391,117.60661455074437
2024-12-09,111.09385862103846,,99.74986081597127,116.88401435167953
2024-12-10,111.75101029896335,,100.54811062581844,116.53758377187573
2024-12-11,112.07193371663993,,101.618455410142,117.48920474753497
2024-12-12,113.01912013257183,,98.83399070015447,116.8531155462573
2024-12-13,110.74593650451266,,97.71267711657741,116.85002283701762
2024-12-16,110.56482920074684,,96.88776670404378,117.29397747677923
2024-12-17,109.75360080299407,,97.78011275866666,116.84075413829011
2024-12-18,110.43021035629275,,94.70159728375506,113.39478772888405
2024-12-19,110.03269098430783,,95.02779759897749,113.29668850043957
2024-12-20,109.96857007094991,,95.74449733001906,114.52812423035856
2024-12-23,109.41965232658717,,94.69767660688942,115.36272199146336
2024-12-24,110.79981433312855,,,116.63664475746182
2024-12-25,110.79400327571459,,,
2024-12-26,110.948335076252,,94.9415427079331,116.58933007769112
2024-12-27,111.01576406756163,,94.30717719107027,115.30034921213232
2024-12-30,111.250318751246,,94.3181550862941,114.06640537045188
2024-12-31,109.4361688025292,,,113.57765359167263
2025-01-02,106.52369711748435,,94.19426169733943,113.32506976510874
2025-01-03,104.85424967252021,,92.94591818331517,114.75251537208497
2025-01-06,104.70709998821049,,94.11349575390695,115.38801997588442
2025-01-07,105.4489464329713,,95.00819421464922,114.10676145443325
2025-01-08,105.4660527830541,,93.80219401077402,114.28480910252219
2025-01-09,104.85304601042212,,93.92451912898242,
2025-01-10,103.4533543870574,,93.19919390883642,112.52349233253263
2025-01-13,103.19969256397484,,93.31759835017918,112.70076680331161
2025-01-14,105.81776125386197,,93.54656587913337,112.82995341700999
2025-01-15,105.36643579471072,,96.17420351449474,114.89618491685705
2025-01-16,105.65751476937237,,95.0638678261415,114.6534449575073
2025-01-17,105.84652957513359,,95.9389629025555,115.79895428711733
2025-01-20,105.93001270859924,,96.09030102956974,
2025-01-21,105.87271520422121,,96.71368865120874,116.81430581689578
2025-01-22,104.92588749553708,,96.42669510464287,117.53130519495949
2025-01-23,105.46592524269933,,96.0432529071819,118.15580616557988
2025-01-24,106.1993141676848,,96.01502403374919,117.8184557046719
2025-01-27,106.13320043628367,,97.90871095986012,116.10057829891186
2025-01-28,,,97.27669784911667,117.17077827273698
2025-01-29,,,96.78739737628305,116.6225484150431
2025-01-30,,,99.51697261015143,117.23778068693598
2025-01-31,,,98.90691528985565,116.64610203602102
2025-02-03,,,98.77753295328905,115.75858877414436
2025-02-04,,,98.1321895412024,116.59493089869228
2025-02-05,105.44385279005289,,98.43564993060401,117.05066234894284
2025-02-06,106.78809624418366,,98.9774874734374,117.47722992822274
2025-02-07,107.86582021321718,,97.71816606418933,116.36533495361125
2025-02-10,108.46994698864867,,98.46544707478299,117.14644204545755
2025-02-11,108.33565496635367,,99.21037567925727,117.18622296095229
2025-02-12,109.26057761910695,,97.53075771001104,116.86702330884435
2025-02-13,108.80666946777171,,97.89930133538253,118.08551303331791
2025-02-14,109.27164971615495,,100.54105340746027,118.07701751190034
2025-02-17,109.56896222565571,,101.0507413999953,
2025-02-18,108.5457298731954,,100.78648777925021,118.3657143762326
2025-02-19,109.42885914594673,,99.82749021791122,118.64706605612061
2025-02-20,109.4041721160276,,100.05645774686542,118.13282771308862
2025-02-21,110.32915853895828,,99.68556171537453,116.11699417326035
2025-02-24,110.13048255132362,,98.33135992597762,115.53999646224236
2025-02-25,109.2493142115268,,98.78537430702036,114.99930036882444
2025-02-26,110.36510897645758,,97.83578637015894,115.01494306586302
2025-02-27,110.62134552045192,,97.85931043135287,113.19028233040922
2025-02-28,108.42838477553973,,96.29103968509123,114.98481743775073
2025-03-03,108.2987001485606,,,112.9614595626381
2025-03-04,108.53655493892451,,,111.57939569215776
2025-03-05,109.11626570769073,,96.48550525762768,112.82454117584051
2025-03-06,110.39396498172307,,96.72937135867136,110.81411987718172
2025-03-07,110.11473928878237,,98.04436637941174,111.42588228017154
2025-03-10,109.90633834909693,,97.63975252687625,108.42038178364083
2025-03-11,110.35249842388022,,96.84620752926786,107.5998709359632
2025-03-12,110.09443645855828,,97.12614385747555,108.12569750965247
2025-03-13,109.66361311143544,,98.51641587403648,106.62372515319282
2025-03-14,111.64983094127412,,101.11974531283082,108.89117133345177
2025-03-17,111.86424222017786,,102.59156740819735,109.58983132288375
2025-03-18,111.9827670661151,,103.0941981823742,108.42231472691566
2025-03-19,111.87403891367822,,103.90421002281833,109.59311261195512
2025-03-20,111.30327988356203,,103.470583161477,109.35366337066836
2025-03-21,109.86284708812218,,103.77639595699802,109.44384224618192
2025-03-24,110.03253155886439,,102.97344133491207,111.3750883025062
2025-03-25,110.03083367789156,,103.55919045864077,111.55042983001037
2025-03-26,109.98907218297833,,103.9136196472959,110.30586894380585
2025-03-27,110.15402171804989,,104.4068407969952,109.94108954637876
2025-03-28,109.42127846611041,,103.42902398670107,107.77115799708605
2025-03-31,108.91321349163323,,102.14147370402027,108.36805088034723
2025-04-01,109.32751239154189,,102.83700177998729,108.77781599662366
2025-04-02,109.3827533076993,,102.87071960103191,109.50969432340763
2025-04-03,109.11766865159316,,102.83229696774852,104.2099033075771
2025-04-04,,,99.78593104313529,97.9834027118534
2025-04-07,101.10422844900806,,98.47799324075308,97.75495710374568
2025-04-08,102.7032178192369,,97.17946506284845,96.22015299858904
2025-04-09,104.05040267279944,,100.20936414462594,105.37587354892534
2025-04-10,105.25284516624845,,99.07942507194441,101.72906961877078
2025-04-11,105.72918447747793,,100.11997271208901,103.56956163109486
2025-04-14,106.53176404492322,,101.50946059327681,104.39239201070227
2025-04-15,106.69024887826266,,101.34557630029248,104.21202483068359
2025-04-16,106.96261130586258,,100.61789867402709,101.87680305891573
2025-04-17,107.10422095601221,,101.66315112641047,102.0119770822702
2025-04-18,106.98631786930446,,,
2025-04-21,107.46641164972732,,,99.60781052403695
2025-04-22,107.73816028936993,,102.30143732013894,102.10968029306815
2025-04-23,107.6270806116421,,103.67524249386415,103.81094381565643
2025-04-24,107.65754681388651,,105.5289385159454,105.9140615305818
2025-04-25,107.5848009840376,,105.65361604027319,106.69498004259641
2025-04-28,107.36783889803858,,105.87082153863044,106.76334023158358
2025-04-29,107.31037399694495,,105.93119996236152,107.38282497868106
2025-04-30,107.061447109533,,105.9108124426601,107.54175063183673
2025-05-01,,,,108.21916710322898
2025-05-02,,,105.96334951265986,109.812864689822
2025-05-05,,,104.67501509460593,109.11208317728351
2025-05-06,108.27221958240258,,104.6946184789342,108.27265777248749
2025-05-07,109.13911934501013,,104.60209050490477,108.74324931347512
2025-05-08,109.4437813674542,,106.8243301523575,109.3739357025749
2025-05-09,109.11737371452274,,107.04388805683413,109.29611823502856
2025-05-12,110.00696768900625,,107.0838789608638,112.85466680395277
2025-05-13,110.19065768495604,,108.96580385637778,113.6726601108774
2025-05-14,111.14002822946327,,108.54237075488713,113.78910815694519
2025-05-15,110.38492555907912,,109.2567180798093,114.25932253826944
2025-05-16,109.94874551705618,,109.14145017995907,115.05974020488068
2025-05-19,109.95269926805386,,109.49352696249481,115.16054555390988
2025-05-20,110.37372592167635,,109.86520712935881,114.71369621373186
2025-05-21,110.60541094737853,,108.11736938265022,112.86277573671539
2025-05-22,110.36428793542376,,107.64061507578668,112.81256635652828
2025-05-23,109.32545580332129,,108.07267366638176,112.05578606296982
2025-05-26,109.27540418534834,,108.31732390279858,
2025-05-27,109.07453609786617,,109.41903410204739,114.3483416478181
2025-05-28,109.04988095303574,,108.90699370339296,113.71128126040726
2025-05-29,109.81762606108593,,108.62940978130464,114.16739929931279
2025-05-30,109.29655994169494,,107.44771777399652,114.15813060058528
2025-06-02,,,107.25952528444512,114.62641203863473
2025-06-03,109.76963103133355,,107.85468403265139,115.2912785222281
2025-06-04,110.2341409746586,,107.42811438966824,115.29977404364567
2025-06-05,110.49195583054319,,106.82746669385004,114.69129292972724
2025-06-06,110.53305570986609,,106.7223925538505,115.87039775635259
2025-06-09,111.00367961894769,,106.40638599847878,115.97699250621464
2025-06-10,110.5153594856425,,106.98429376847618,116.61289312766063
2025-06-11,111.08674027498817,,107.52691544668271,116.29292029824279
2025-06-12,111.09790802730224,,108.05385441742663,116.73744067749945
2025-06-13,110.26003963794801,,107.59356695339883,115.41873020147493
2025-06-16,110.64312303602799,,109.1955555207051,116.50281907990392
2025-06-17,110.59989482703496,,108.86935520548266,115.52976600637324
2025-06-18,110.64573761330068,,108.77290655458758,115.49403955725981
2025-06-19,109.77393551830686,,,
2025-06-20,109.70168390733268,,107.51750582220514,115.24241748783754
2025-06-23,110.40977201444171,,107.07446933638623,116.34949424774939
2025-06-24,111.68260881244865,,107.55592845548856,117.64350076582271
2025-06-25,112.83869835821288,,106.45970720385168,117.64311417716773
2025-06-26,112.5931273763857,,107.51593755145888,118.58662622006437
2025-06-27,111.80214600995183,,107.32147197892243,119.2055263696836
2025-06-30,112.46164921316768,,108.88111723607963,119.82115465922305
2025-07-01,112.89658573673167,,109.42530718503242,119.68713097284187
2025-07-02,112.80010145835222,,109.03480776921329,120.25505799395563
2025-07-03,113.00772121336473,,110.50662986457982,121.2578595359352
2025-07-04,113.37236705890905,,110.93790431980177,
2025-07-07,113.39874399852883,,109.3790431980177,120.30449419683285
2025-07-08,114.19371897232126,,109.23240988324223,120.2183697877006
2025-07-09,114.04923966418943,,107.8037152333979,120.94714597625327
2025-07-10,114.59227460968866,,107.22502332802735,121.27929163380664
2025-07-11,114.60844034965507,,106.78904406056662,120.87937038474435
2025-07-14,114.91773368123152,,106.09273184922645,121.04949767990234
2025-07-15,114.43937763814233,,106.05430921594304,120.57058976833721
2025-07-16,114.39948142091754,,106.25896854833019,120.95565092666243
2025-07-17,114.82549809092018,,106.30131185847924,121.60563846153556
2025-07-18,115.40203629336163,,104.58954433893469,121.59463482835653
2025-07-21,116.22835430933749,,105.20509060684236,121.7647621235145
2025-07-22,116.94894934248563,,105.10236887296223,121.84239101122918
2025-07-23,116.96321791967492,,106.14683718997249,122.7942099957117
2025-07-24,117.72818105373682,,104.9235860078884,122.87994781618899
2025-07-25,117.33402555860881,,104.70089156191924,123.36831300631329
2025-07-28,117.4738337012474,,103.60702271640176,123.39013169283966
2025-07-29,117.85825627305242,,104.07515153416085,123.0249657067576
2025-07-30,118.05435753977524,,105.06629864579821,122.87125428594811
2025-07-31,116.6664235428654,,104.34567823789098,122.41726719914068
2025-08-01,116.23360737769937,,103.84853641132605,120.4595539634389
2025-08-04,116.99622695774245,,104.2672647005779,122.2347784960155
2025-08-05,118.11576822059445,,104.40840906774145,121.64097832199403
2025-08-06,118.65114277353558,,105.4960048302739,122.52675664941917
2025-08-07,118.83633136865387,,107.05643422280421,122.42904400962964
2025-08-08,118.68812947641736,,106.57419096832876,123.38395570335186
2025-08-11,119.09362012057505,,106.34679171012083,123.07498650711304
2025-08-12,119.69343443776106,,108.14324584996353,124.47132587085224
2025-08-13,120.26635368263608,,107.18111174713204,124.8733780720126
2025-08-14,119.71058064420474,,106.92156293862571,124.91122604423252
2025-08-15,120.70079598732535,,106.90980090802876,124.54934134722187
2025-08-18,121.72131810724693,,107.6790377090701,124.53679135942298
2025-08-19,121.69718906637989,,105.41288648072202,123.80724199356037
2025-08-20,122.96800116125493,,105.59715829340777,123.5061837212609
2025-08-21,123.12763385778725,,105.47483317519936,123.0116425416488
2025-08-22,124.91229807073691,,108.1855891601126,124.87975207032369
2025-08-25,126.79958444163908,,108.23028487638106,124.3469669008451
2025-08-26,126.30395465175145,,108.03111449160583,124.86101666404541
2025-08-27,124.08268791935369,,109.15634875204856,125.15955739559183
2025-08-28,125.4947111007697,,110.60151024472864,125.55465100096288
2025-08-29,125.96259289222385,,110.89399273890646,124.75132920494364
2025-09-01,126.53736944351512,,110.6611045330866,
2025-09-02,125.96932064593769,,110.04163758831325,123.88776558169145
2025-09-03,124.51389388754082,,109.67230982756864,124.51960230776456
2025-09-04,122.95709646092254,,110.55759866383332,125.55890347616747
2025-09-05,124.47984061281865,,111.84906962337978,125.16149033886663
2025-09-08,124.94762674900673,,111.18412282696484,125.42507779860956
2025-09-09,124.30934307231483,,111.04768327204009,125.76223967968585
2025-09-10,124.47027508621129,,111.62088622979871,126.13744754180532
2025-09-11,126.53012355711006,,112.24976279904963,127.20783609546214
2025-09-12,126.37630191799173,,111.56050780606763,127.1464250732727
2025-09-15,126.04672967000768,,112.56028040680943,127.74485488216212
2025-09-16,126.09116951237098,,112.9641101239718,127.58032840800529
2025-09-17,126.56381812458444,,114.16540551560821,127.4565540354764
2025-09-18,125.10483617879851,,114.09169679053393,128.06695866367807
2025-09-19,124.72717324579601,,114.37790620172667,128.69261940026334
2025-09-22,125.00427060906658,,113.78509985963976,129.26015983272214
2025-09-23,124.78411204292625,,114.81702201067992,128.5489498554913
2025-09-24,125.8226890943192,,114.86955908067968,128.1830201210909
2025-09-25,125.81158511218251,,113.93957452814654,127.5409435101571
2025-09-26,124.98892591013396,,114.05013761575798,128.29366933733425
2025-09-29,126.11294702794704,,114.74801809784441,128.63179297555214
2025-09-30,126.77395680160357,,114.66960456053133,129.15800613789636
2025-10-01,,,114.10502709187713,129.59713313396674
2025-10-02,,,112.87628696218115,129.67727013344285
2025-10-03,,,113.07310494083697,129.68576565486043
2025-10-06,,,112.6081126645704,130.15867672777784
2025-10-07,,,110.84223980427981,129.6625891935459
2025-10-08,,,111.46092261368004,130.41821915013105
2025-10-09,128.4454847486048,,111.11825545562186,130.05884256488181
2025-10-10,127.23925590087373,,110.31216429204338,126.53272972700806
2025-10-13,126.9935254936031,,111.17706560860667,128.50647224840338
2025-10-14,126.20100567163985,,111.09865207129359,128.3054461478232
2025-10-15,127.73491757585005,,111.82084074994707,128.82200402278497
2025-10-16,127.86614065835853,,111.50405005920223,128.01114846248979
2025-10-17,125.3692671905865,,112.44422837158608,128.68585881329727
2025-10-20,126.15738687031035,,113.31461863576129,130.0592291535368
2025-10-21,127.86953642030414,,112.98214523755381,130.06348162874139
2025-10-22,127.7854952977864,,113.6000439115809,129.36926269434565
2025-10-23,128.06798124104577,,114.26499070799582,130.1231482874877
2025-10-24,128.97899402385752,,114.61863576127782,131.15143639372
2025-10-27,130.5015787503102,,115.24359165366309,132.76329421810465
2025-10-28,130.2168369370259,,115.60429392530327,133.06704918199725
2025-10-29,131.13453761719066,,116.54839291455276,133.06125035217283
2025-10-30,130.17363264184937,,116.663660814403,131.74330362446665
2025-10-31,129.12520309805086,,117.25960369798243,132.08819727864216
2025-11-03,129.834726034151,,117.97630342902399,132.31548312078502
2025-11-04,129.3013841556139,,118.17233727230669,130.76251877783673
2025-11-05,129.59726183612358,,120.20324788871551,131.24026692343696
2025-11-06,130.85469016502046,,120.23853398050639,129.77323840978926
2025-11-07,130.5215228732865,,120.80703212602624,129.93699170663615
2025-11-10,131.20851899422632,,121.74250562617131,131.93815373555904
2025-11-11,130.69137474074432,,123.6965709760133,132.21197165117107
2025-11-12,130.6058908179633,,123.60561127273013,132.29520135988687
2025-11-13,131.5645399232797,,123.2362835119855,130.10480889885596
2025-11-14,130.29088208423897,,123.68872962228198,130.0395319901169
2025-11-17,129.68825390797596,,123.1037646339264,128.84807518451592
2025-11-18,128.63619743533883,,122.73443687318179,127.78424920900189
2025-11-19,128.8624301108748,,121.83973841243952,128.26393029787693
2025-11-20,128.35011644832954,,,126.26720932399034
2025-11-21,125.21046350636016,,121.36063169945659,127.50753659297345
2025-11-24,125.27164302028633,,121.75897246900705,129.47972333075734
2025-11-25,126.3575295720248,,122.25454602482573,130.65302932755827
2025-11-26,126.16688862674033,,124.32858408675673,131.5554121091636
2025-11-27,126.52852133140333,,124.12235648362334,
2025-11-28,126.96394410256985,,124.73398207466538,132.2598614994284
2025-12-01,127.79359411031396,,124.37249566765207,131.55579869781855
2025-12-02,127.2615834342297,,126.31793552838961,131.87906224529937
2025-12-03,126.61798291899858,,126.83781728077534,132.27203432756392
2025-12-04,126.54592261855653,,128.9557669236017,132.41493069502604
2025-12-05,127.42797576956455,,123.39859953422359,132.67137097914798
2025-12-08,128.12244097253028,,124.04002226944459,132.21003870789625
2025-12-09,127.64715386922761,,123.87849038257966,132.0941752593067
2025-12-10,127.35248782208821,,124.73633448078476,132.98575241655627
2025-12-11,126.46511783254095,,124.82572591332169,133.262276452753
2025-12-12,126.98843185068469,,126.06230739674898,131.84121427307943
2025-12-15,126.28889691861707,,127.40788369704146,131.63072146494846
2025-12-16,124.88137750597865,,124.34661920033874,131.31692462501843
2025-12-17,126.36585955144535,,123.36566584855208,129.79467993665224
2025-12-18,126.56479859106172,,123.83301053093807,130.82450496851283
2025-12-19,127.02441417327266,,124.26428498616,131.97812323088544
2025-12-22,127.90323098777851,,124.00473617765371,132.82759994071048
2025-12-23,127.98861128402127,,125.81922543107842,133.43201715925605
2025-12-24,128.67322399458146,,,133.86186602760733
2025-12-25,129.28293863180608,,,
2025-12-26,129.41542914659001,,126.16502913062911,133.82112335497098
2025-12-29,129.46770474949918,,125.84588603376487,133.35381310305473
2025-12-30,129.46234805459906,,126.34381199570295,133.17036264278795
2025-12-31,129.58394184032284,,,132.19053955329966
2026-01-02,,,125.88430866704827,132.44100185675703
2026-01-05,131.36589582073375,,126.92799284868539,133.28254878465955
2026-01-06,133.3330782526238,,128.33473170808207,134.1084624445151
2026-01-07,133.4018065612976,,127.01032706286412,133.64713960225495
2026-01-08,133.31061520764086,,127.76466529181599,133.6573700581241
2026-01-09,134.5332648760479,,128.10419590838163,134.52286662465107
2026-01-12,135.99800208034262,,127.93168612629285,134.73509436723356
2026-01-13,135.13181176095844,,127.00875879211789,134.47382643942044
2026-01-14,134.71829404572273,,129.49682033106197,133.75662905253344
2026-01-15,134.27778560290997,,129.82772545852316,134.10171128654065
2026-01-16,133.92881924972951,,129.2255094919587,134.01557744841682
2026-01-19,134.32346099246007,,129.2639321252421,
2026-01-20,134.3119983030756,,130.3836774380729,131.25127055661602
2026-01-21,134.4194510519648,,134.72778740521764,132.77217632817718
2026-01-22,134.60347584134587,,137.68554603266708,133.50076393689818
2026-01-23,135.04712496539472,,140.24966870280485,133.54440130995093
2026-01-26,134.93091975965976,,140.1414580213128,134.21293567127066
2026-01-27,135.16922891253753,,142.64912294458517,134.7607789403096
2026-01-28,135.53928725188717,,144.8227461989038,134.74976587813896
2026-01-29,135.75954944456575,,143.6018474229391,134.57558411659966
2026-01-30,134.45237240603842,,142.21392781249756,133.99665346230685
2026-02-02,131.11543844906464,,143.3344572607015,134.71906508154004
2026-02-03,132.81299259971004,,145.5935512706914,133.5868883460304
2026-02-04,133.9382572359821,,142.48367038085453,132.90928329480647
2026-02-05,133.08003818877071,,142.81222310219636,131.28100959607332
2026-02-06,132.7426301802408,,143.45756651428303,133.86669367129858
2026-02-09,134.62024739799742,,146.03815602725655,134.49467393981362
2026-02-10,134.79274572781662,,145.79350579083973,134.05034214038864
2026-02-11,134.91067272834087,,148.74969614754292,134.04377956224587
2026-02-12,134.9770574829959,,147.23396247128105,131.94451830487853
2026-02-13,133.28103381660765,,146.2130182154647,132.01037038210424
2026-02-17,,,,132.1465155915919
2026-02-18,,,145.8617255683021,132.88205236711062
2026-02-19,,,147.83617843784552,132.5070425138144
2026-02-20,,,149.40444918410714,133.42660491808658
2026-02-23,,,148.08710175724738,132.04088259887146
2026-02-24,134.43477183708092,,150.1540826008202,133.0512084761354
2026-02-25,135.40843084789864,,149.96432184052256,134.13376042893614
2026-02-26,135.38886934598662,,149.77377694485176,133.41405493028768
2026-02-27,135.91943722180758,,148.0345646872476,132.8351242759949
2026-03-02,136.56297396686134,,148.44231508127564,132.88803977676673
2026-03-03,134.60672812039235,,143.57910749711831,131.63304099687824
2026-03-04,133.29413061678756,,145.3520375757671,132.65399334765786
2026-03-05,134.14606830152675,,141.50820597667982,131.90493539820707
2026-03-06,134.65629349076278,,140.64644120160906,130.15366050425493
2026-03-09,133.7554440799713,,141.8618510299618,131.23447752260412
2026-03-10,134.62182570988764,,143.84728179472904,130.95427617968943
2026-03-11,134.95795831486987,,144.25660045950332,130.8445887205877
2026-03-12,134.81657983161327,,140.5837103717586,128.85212965089724
2026-03-13,133.71773199132184,,139.30400144280907,128.07139971871433
2026-03-16,133.3696105929917,,141.04635024190577,129.3688761056907
2026-03-17,132.23080276529808,,141.46586266653074,129.69155505569327
2026-03-18,132.6577680166893,,140.86207842922002,127.92676841680066
2026-03-19,130.8152562815817,,140.17730771040314,127.08385428511836
